{
  "openapi": "3.0.1",
  "info": {
    "title": "MyProjectName",
    "description": "API 文档",
    "version": "v1"
  },
  "paths": {
    "/api/Entity/{id}": {
      "get": {
        "tags": [
          "Entity"
        ],
        "operationId": "Entity_List",
        "parameters": [
          {
            "name": "id",
            "in": "path",
            "required": true,
            "style": "simple",
            "schema": {
              "type": "integer",
              "format": "int32"
            }
          }
        ],
        "responses": {
          "200": {
            "description": "Success",
            "content": {
              "text/plain": {
                "schema": {
                  "type": "array",
                  "items": {
                    "$ref": "#/components/schemas/EntityFile"
                  }
                }
              },
              "application/json": {
                "schema": {
                  "type": "array",
                  "items": {
                    "$ref": "#/components/schemas/EntityFile"
                  }
                }
              },
              "text/json": {
                "schema": {
                  "type": "array",
                  "items": {
                    "$ref": "#/components/schemas/EntityFile"
                  }
                }
              }
            }
          }
        }
      }
    },
    "/api/Entity/generate": {
      "post": {
        "tags": [
          "Entity"
        ],
        "operationId": "Entity_Generate",
        "requestBody": {
          "content": {
            "application/json": {
              "schema": {
                "$ref": "#/components/schemas/GenerateDto"
              }
            },
            "text/json": {
              "schema": {
                "$ref": "#/components/schemas/GenerateDto"
              }
            },
            "application/*+json": {
              "schema": {
                "$ref": "#/components/schemas/GenerateDto"
              }
            }
          }
        },
        "responses": {
          "200": {
            "description": "Success",
            "content": {
              "text/plain": {
                "schema": {
                  "type": "boolean"
                }
              },
              "application/json": {
                "schema": {
                  "type": "boolean"
                }
              },
              "text/json": {
                "schema": {
                  "type": "boolean"
                }
              }
            }
          }
        }
      }
    },
    "/api/Project": {
      "get": {
        "tags": [
          "Project"
        ],
        "operationId": "Project_List",
        "responses": {
          "200": {
            "description": "Success",
            "content": {
              "text/plain": {
                "schema": {
                  "type": "array",
                  "items": {
                    "$ref": "#/components/schemas/Project"
                  }
                }
              },
              "application/json": {
                "schema": {
                  "type": "array",
                  "items": {
                    "$ref": "#/components/schemas/Project"
                  }
                }
              },
              "text/json": {
                "schema": {
                  "type": "array",
                  "items": {
                    "$ref": "#/components/schemas/Project"
                  }
                }
              }
            }
          }
        }
      },
      "post": {
        "tags": [
          "Project"
        ],
        "operationId": "Project_Add",
        "parameters": [
          {
            "name": "name",
            "in": "query",
            "style": "form",
            "schema": {
              "type": "string"
            }
          },
          {
            "name": "path",
            "in": "query",
            "style": "form",
            "schema": {
              "type": "string"
            }
          }
        ],
        "responses": {
          "200": {
            "description": "Success",
            "content": {
              "text/plain": {
                "schema": {
                  "$ref": "#/components/schemas/Project"
                }
              },
              "application/json": {
                "schema": {
                  "$ref": "#/components/schemas/Project"
                }
              },
              "text/json": {
                "schema": {
                  "$ref": "#/components/schemas/Project"
                }
              }
            }
          }
        }
      }
    }
  },
  "components": {
    "schemas": {
      "CommandType": {
        "enum": [
          0,
          1,
          2
        ],
        "type": "integer",
        "format": "int32",
        "x-enumNames": [
          "Dto",
          "Manager",
          "API"
        ]
      },
      "EntityFile": {
        "type": "object",
        "properties": {
          "name": {
            "type": "string",
            "nullable": true
          },
          "path": {
            "type": "string",
            "nullable": true
          },
          "content": {
            "type": "string",
            "nullable": true
          }
        },
        "additionalProperties": false
      },
      "GenerateDto": {
        "type": "object",
        "properties": {
          "projectId": {
            "type": "integer",
            "format": "int32"
          },
          "entityPath": {
            "type": "string",
            "nullable": true
          },
          "commandType": {
            "$ref": "#/components/schemas/CommandType"
          }
        },
        "additionalProperties": false
      },
      "Project": {
        "type": "object",
        "properties": {
          "id": {
            "type": "integer",
            "format": "int32"
          },
          "name": {
            "type": "string",
            "nullable": true
          },
          "displayName": {
            "type": "string",
            "nullable": true
          },
          "path": {
            "type": "string",
            "nullable": true
          },
          "entityPath": {
            "type": "string",
            "nullable": true
          },
          "sharePath": {
            "type": "string",
            "nullable": true
          },
          "applicationPath": {
            "type": "string",
            "nullable": true
          },
          "httpPath": {
            "type": "string",
            "nullable": true
          },
          "entityFrameworkPath": {
            "type": "string",
            "nullable": true
          }
        },
        "additionalProperties": false
      }
    }
  }
}