{
  "Version": 1,
  "Endpoints": [
    {
      "Route": "favicon.ico",
      "AssetFile": "favicon.ico.br",
      "Selectors": [
        {
          "Name": "Content-Encoding",
          "Value": "br",
          "Quality": "0.000184740440"
        }
      ],
      "ResponseHeaders": [
        {
          "Name": "Accept-Ranges",
          "Value": "bytes"
        },
        {
          "Name": "Cache-Control",
          "Value": "no-cache"
        },
        {
          "Name": "Content-Encoding",
          "Value": "br"
        },
        {
          "Name": "Content-Length",
          "Value": "5412"
        },
        {
          "Name": "Content-Type",
          "Value": "image/x-icon"
        },
        {
          "Name": "ETag",
          "Value": "\"5Q6an3CfdFDgS+bzvViTTFVGKWgDg8y4E1Z70kFpFEg=\""
        },
        {
          "Name": "ETag",
          "Value": "W/\"Tj7+ilDpQB0NTeyw4aygtOmhnofl51LAC+E36YnTsbg=\""
        },
        {
          "Name": "Last-Modified",
          "Value": "Sat, 31 Aug 2024 04:42:30 GMT"
        },
        {
          "Name": "Vary",
          "Value": "Content-Encoding"
        }
      ],
      "EndpointProperties": [
        {
          "Name": "integrity",
          "Value": "sha256-Tj7+ilDpQB0NTeyw4aygtOmhnofl51LAC+E36YnTsbg="
        }
      ]
    },
    {
      "Route": "favicon.ico",
      "AssetFile": "favicon.ico.gz",
      "Selectors": [
        {
          "Name": "Content-Encoding",
          "Value": "gzip",
          "Quality": "0.000148434021"
        }
      ],
      "ResponseHeaders": [
        {
          "Name": "Accept-Ranges",
          "Value": "bytes"
        },
        {
          "Name": "Cache-Control",
          "Value": "no-cache"
        },
        {
          "Name": "Content-Encoding",
          "Value": "gzip"
        },
        {
          "Name": "Content-Length",
          "Value": "6736"
        },
        {
          "Name": "Content-Type",
          "Value": "image/x-icon"
        },
        {
          "Name": "ETag",
          "Value": "\"xhk5nmK0XZhUXipAeew/xV0yMBX/gldtbJJhaAaSOsY=\""
        },
        {
          "Name": "ETag",
          "Value": "W/\"Tj7+ilDpQB0NTeyw4aygtOmhnofl51LAC+E36YnTsbg=\""
        },
        {
          "Name": "Last-Modified",
          "Value": "Sat, 31 Aug 2024 04:42:30 GMT"
        },
        {
          "Name": "Vary",
          "Value": "Content-Encoding"
        }
      ],
      "EndpointProperties": [
        {
          "Name": "integrity",
          "Value": "sha256-Tj7+ilDpQB0NTeyw4aygtOmhnofl51LAC+E36YnTsbg="
        }
      ]
    },
    {
      "Route": "favicon.ico",
      "AssetFile": "favicon.ico",
      "Selectors": [],
      "ResponseHeaders": [
        {
          "Name": "Accept-Ranges",
          "Value": "bytes"
        },
        {
          "Name": "Cache-Control",
          "Value": "max-age=3600, must-revalidate"
        },
        {
          "Name": "Content-Length",
          "Value": "15406"
        },
        {
          "Name": "Content-Type",
          "Value": "image/x-icon"
        },
        {
          "Name": "ETag",
          "Value": "\"Tj7+ilDpQB0NTeyw4aygtOmhnofl51LAC+E36YnTsbg=\""
        },
        {
          "Name": "Last-Modified",
          "Value": "Sat, 31 Aug 2024 04:42:30 GMT"
        }
      ],
      "EndpointProperties": [
        {
          "Name": "integrity",
          "Value": "sha256-Tj7+ilDpQB0NTeyw4aygtOmhnofl51LAC+E36YnTsbg="
        }
      ]
    },
    {
      "Route": "favicon.ico.br",
      "AssetFile": "favicon.ico.br",
      "Selectors": [],
      "ResponseHeaders": [
        {
          "Name": "Accept-Ranges",
          "Value": "bytes"
        },
        {
          "Name": "Cache-Control",
          "Value": "no-cache"
        },
        {
          "Name": "Content-Encoding",
          "Value": "br"
        },
        {
          "Name": "Content-Length",
          "Value": "5412"
        },
        {
          "Name": "Content-Type",
          "Value": "application/octet-stream"
        },
        {
          "Name": "ETag",
          "Value": "\"5Q6an3CfdFDgS+bzvViTTFVGKWgDg8y4E1Z70kFpFEg=\""
        },
        {
          "Name": "Last-Modified",
          "Value": "Sat, 31 Aug 2024 04:42:30 GMT"
        },
        {
          "Name": "Vary",
          "Value": "Content-Encoding"
        }
      ],
      "EndpointProperties": [
        {
          "Name": "integrity",
          "Value": "sha256-5Q6an3CfdFDgS+bzvViTTFVGKWgDg8y4E1Z70kFpFEg="
        }
      ]
    },
    {
      "Route": "favicon.ico.gz",
      "AssetFile": "favicon.ico.gz",
      "Selectors": [],
      "ResponseHeaders": [
        {
          "Name": "Accept-Ranges",
          "Value": "bytes"
        },
        {
          "Name": "Cache-Control",
          "Value": "no-cache"
        },
        {
          "Name": "Content-Encoding",
          "Value": "gzip"
        },
        {
          "Name": "Content-Length",
          "Value": "6736"
        },
        {
          "Name": "Content-Type",
          "Value": "application/x-gzip"
        },
        {
          "Name": "ETag",
          "Value": "\"xhk5nmK0XZhUXipAeew/xV0yMBX/gldtbJJhaAaSOsY=\""
        },
        {
          "Name": "Last-Modified",
          "Value": "Sat, 31 Aug 2024 04:42:30 GMT"
        },
        {
          "Name": "Vary",
          "Value": "Content-Encoding"
        }
      ],
      "EndpointProperties": [
        {
          "Name": "integrity",
          "Value": "sha256-xhk5nmK0XZhUXipAeew/xV0yMBX/gldtbJJhaAaSOsY="
        }
      ]
    },
    {
      "Route": "favicon.ingklir50m.ico",
      "AssetFile": "favicon.ico.br",
      "Selectors": [
        {
          "Name": "Content-Encoding",
          "Value": "br",
          "Quality": "0.000184740440"
        }
      ],
      "ResponseHeaders": [
        {
          "Name": "Accept-Ranges",
          "Value": "bytes"
        },
        {
          "Name": "Cache-Control",
          "Value": "max-age=31536000, immutable"
        },
        {
          "Name": "Content-Encoding",
          "Value": "br"
        },
        {
          "Name": "Content-Length",
          "Value": "5412"
        },
        {
          "Name": "Content-Type",
          "Value": "image/x-icon"
        },
        {
          "Name": "ETag",
          "Value": "\"5Q6an3CfdFDgS+bzvViTTFVGKWgDg8y4E1Z70kFpFEg=\""
        },
        {
          "Name": "ETag",
          "Value": "W/\"Tj7+ilDpQB0NTeyw4aygtOmhnofl51LAC+E36YnTsbg=\""
        },
        {
          "Name": "Last-Modified",
          "Value": "Sat, 31 Aug 2024 04:42:30 GMT"
        },
        {
          "Name": "Vary",
          "Value": "Content-Encoding"
        }
      ],
      "EndpointProperties": [
        {
          "Name": "fingerprint",
          "Value": "ingklir50m"
        },
        {
          "Name": "integrity",
          "Value": "sha256-Tj7+ilDpQB0NTeyw4aygtOmhnofl51LAC+E36YnTsbg="
        },
        {
          "Name": "label",
          "Value": "favicon.ico"
        }
      ]
    },
    {
      "Route": "favicon.ingklir50m.ico",
      "AssetFile": "favicon.ico.gz",
      "Selectors": [
        {
          "Name": "Content-Encoding",
          "Value": "gzip",
          "Quality": "0.000148434021"
        }
      ],
      "ResponseHeaders": [
        {
          "Name": "Accept-Ranges",
          "Value": "bytes"
        },
        {
          "Name": "Cache-Control",
          "Value": "max-age=31536000, immutable"
        },
        {
          "Name": "Content-Encoding",
          "Value": "gzip"
        },
        {
          "Name": "Content-Length",
          "Value": "6736"
        },
        {
          "Name": "Content-Type",
          "Value": "image/x-icon"
        },
        {
          "Name": "ETag",
          "Value": "\"xhk5nmK0XZhUXipAeew/xV0yMBX/gldtbJJhaAaSOsY=\""
        },
        {
          "Name": "ETag",
          "Value": "W/\"Tj7+ilDpQB0NTeyw4aygtOmhnofl51LAC+E36YnTsbg=\""
        },
        {
          "Name": "Last-Modified",
          "Value": "Sat, 31 Aug 2024 04:42:30 GMT"
        },
        {
          "Name": "Vary",
          "Value": "Content-Encoding"
        }
      ],
      "EndpointProperties": [
        {
          "Name": "fingerprint",
          "Value": "ingklir50m"
        },
        {
          "Name": "integrity",
          "Value": "sha256-Tj7+ilDpQB0NTeyw4aygtOmhnofl51LAC+E36YnTsbg="
        },
        {
          "Name": "label",
          "Value": "favicon.ico"
        }
      ]
    },
    {
      "Route": "favicon.ingklir50m.ico",
      "AssetFile": "favicon.ico",
      "Selectors": [],
      "ResponseHeaders": [
        {
          "Name": "Accept-Ranges",
          "Value": "bytes"
        },
        {
          "Name": "Cache-Control",
          "Value": "max-age=31536000, immutable"
        },
        {
          "Name": "Content-Length",
          "Value": "15406"
        },
        {
          "Name": "Content-Type",
          "Value": "image/x-icon"
        },
        {
          "Name": "ETag",
          "Value": "\"Tj7+ilDpQB0NTeyw4aygtOmhnofl51LAC+E36YnTsbg=\""
        },
        {
          "Name": "Last-Modified",
          "Value": "Sat, 31 Aug 2024 04:42:30 GMT"
        }
      ],
      "EndpointProperties": [
        {
          "Name": "fingerprint",
          "Value": "ingklir50m"
        },
        {
          "Name": "integrity",
          "Value": "sha256-Tj7+ilDpQB0NTeyw4aygtOmhnofl51LAC+E36YnTsbg="
        },
        {
          "Name": "label",
          "Value": "favicon.ico"
        }
      ]
    },
    {
      "Route": "favicon.ingklir50m.ico.br",
      "AssetFile": "favicon.ico.br",
      "Selectors": [],
      "ResponseHeaders": [
        {
          "Name": "Accept-Ranges",
          "Value": "bytes"
        },
        {
          "Name": "Cache-Control",
          "Value": "max-age=31536000, immutable"
        },
        {
          "Name": "Content-Encoding",
          "Value": "br"
        },
        {
          "Name": "Content-Length",
          "Value": "5412"
        },
        {
          "Name": "Content-Type",
          "Value": "application/octet-stream"
        },
        {
          "Name": "ETag",
          "Value": "\"5Q6an3CfdFDgS+bzvViTTFVGKWgDg8y4E1Z70kFpFEg=\""
        },
        {
          "Name": "Last-Modified",
          "Value": "Sat, 31 Aug 2024 04:42:30 GMT"
        },
        {
          "Name": "Vary",
          "Value": "Content-Encoding"
        }
      ],
      "EndpointProperties": [
        {
          "Name": "fingerprint",
          "Value": "ingklir50m"
        },
        {
          "Name": "integrity",
          "Value": "sha256-5Q6an3CfdFDgS+bzvViTTFVGKWgDg8y4E1Z70kFpFEg="
        },
        {
          "Name": "label",
          "Value": "favicon.ico.br"
        }
      ]
    },
    {
      "Route": "favicon.ingklir50m.ico.gz",
      "AssetFile": "favicon.ico.gz",
      "Selectors": [],
      "ResponseHeaders": [
        {
          "Name": "Accept-Ranges",
          "Value": "bytes"
        },
        {
          "Name": "Cache-Control",
          "Value": "max-age=31536000, immutable"
        },
        {
          "Name": "Content-Encoding",
          "Value": "gzip"
        },
        {
          "Name": "Content-Length",
          "Value": "6736"
        },
        {
          "Name": "Content-Type",
          "Value": "application/x-gzip"
        },
        {
          "Name": "ETag",
          "Value": "\"xhk5nmK0XZhUXipAeew/xV0yMBX/gldtbJJhaAaSOsY=\""
        },
        {
          "Name": "Last-Modified",
          "Value": "Sat, 31 Aug 2024 04:42:30 GMT"
        },
        {
          "Name": "Vary",
          "Value": "Content-Encoding"
        }
      ],
      "EndpointProperties": [
        {
          "Name": "fingerprint",
          "Value": "ingklir50m"
        },
        {
          "Name": "integrity",
          "Value": "sha256-xhk5nmK0XZhUXipAeew/xV0yMBX/gldtbJJhaAaSOsY="
        },
        {
          "Name": "label",
          "Value": "favicon.ico.gz"
        }
      ]
    }
  ]
}